instance,algorithm,run,cost,time,routes_count,customers_served,stations_used,accepted_moves,rejected_moves,infeasible_moves,improving_moves,stages_completed,initial_temperature,improvements_made,ejected_customers,reannealing_rounds,intensification_count
rc203_21,sa,0,1681.6920,11.4588,13,100,1,4236,1453,4311,1212,100,115.8106,0,0,,
rc203_21,sa,1,1681.6920,14.3715,13,100,1,4280,1438,4282,1251,100,137.6223,0,0,,
rc203_21,sa,2,1681.6920,13.3785,13,100,1,4252,1342,4406,1096,100,111.1299,0,0,,
rc203_21,sa_ext,0,1122.8050,61.0083,10,100,0,3830,978,670,0,60,115.8106,0,0,0.0000,12.0000
rc203_21,sa_ext,1,1122.8050,60.7715,10,100,0,3454,912,618,0,55,137.6223,0,0,0.0000,11.0000
rc203_21,sa_ext,2,1122.8050,60.1450,10,100,0,3918,1193,702,0,63,111.1299,0,0,0.0000,12.0000
rc203_21,greedy,0,2044.0180,0.0504,12,100,2,0,0,0,0,0,0.0000,0,0,,
rc203_21,greedy,1,2168.1330,0.0405,12,100,2,0,0,0,0,0,0.0000,0,0,,
rc203_21,greedy,2,2416.4820,0.0325,12,100,2,0,0,0,0,0,0.0000,0,0,,
rc203_21,ls,0,1919.6950,0.4224,13,100,1,0,0,0,0,0,0.0000,20,0,,
rc203_21,ls,1,1782.2400,0.7501,13,100,1,0,0,0,0,0,0.0000,20,1,,
rc203_21,ls,2,1681.6920,0.5520,13,100,1,0,0,0,0,0,0.0000,20,0,,
r205_21,sa,0,1424.7960,15.1941,11,100,1,4340,1029,4631,792,100,116.0239,0,0,,
r205_21,sa,1,1424.7960,15.2683,11,100,1,4110,1461,4429,1099,100,68.5988,0,0,,
r205_21,sa,2,1424.7960,13.1037,11,100,1,3998,1297,4705,652,100,97.4070,0,0,,
r205_21,sa_ext,0,1186.7240,62.5522,8,100,0,2092,334,609,0,35,116.0239,0,0,0.0000,7.0000
r205_21,sa_ext,1,1186.7240,60.9365,8,100,0,3444,618,945,0,55,68.5988,0,0,0.0000,11.0000
r205_21,sa_ext,2,1186.7240,60.9066,8,100,0,3549,655,835,0,55,97.4070,0,0,0.0000,11.0000
r205_21,greedy,0,1724.5790,0.0537,10,100,2,0,0,0,0,0,0.0000,0,0,,
r205_21,greedy,1,1927.2120,0.0840,10,100,2,0,0,0,0,0,0.0000,0,0,,
r205_21,greedy,2,1916.3900,0.0870,10,100,2,0,0,0,0,0,0.0000,0,0,,
r205_21,ls,0,1584.8410,0.3835,11,100,1,0,0,0,0,0,0.0000,20,0,,
r205_21,ls,1,1483.5750,0.8702,11,100,1,0,0,0,0,0,0.0000,20,1,,
r205_21,ls,2,1424.7960,1.1995,11,100,1,0,0,0,0,0,0.0000,20,0,,
r211_21,sa,0,1369.5170,15.8923,8,100,1,4009,2063,3928,1259,100,72.4670,0,0,,
r211_21,sa,1,1359.6130,16.2058,8,100,1,4434,1588,4078,1283,101,101.4338,0,0,,
r211_21,sa,2,1369.5170,16.2330,8,100,1,4344,1395,4261,1277,100,119.7591,0,0,,
r211_21,sa_ext,0,897.7870,60.7882,7,100,0,9103,2936,1267,0,140,72.4670,0,0,1.0000,28.0000
r211_21,sa_ext,1,897.7870,60.2665,7,100,0,6701,2212,1086,0,105,101.4338,0,0,0.0000,21.0000
r211_21,sa_ext,2,897.7870,60.0328,7,100,0,7478,2518,979,0,115,119.7591,0,0,1.0000,23.0000
r211_21,greedy,0,1958.9970,0.0873,8,100,2,0,0,0,0,0,0.0000,0,0,,
r211_21,greedy,1,1651.7670,0.0846,8,100,2,0,0,0,0,0,0.0000,0,0,,
r211_21,greedy,2,1913.7050,0.0801,8,100,2,0,0,0,0,0,0.0000,0,0,,
r211_21,ls,0,1540.7780,0.5116,8,100,1,0,0,0,0,0,0.0000,20,0,,
r211_21,ls,1,1456.3040,0.7200,8,100,1,0,0,0,0,0,0.0000,20,1,,
r211_21,ls,2,1369.5170,1.6115,8,100,1,0,0,0,0,0,0.0000,20,0,,
c105_21,sa,0,1585.0040,181.7295,30,100,14,33149,23236,54415,831,1108,138.7244,0,0,,
c105_21,sa,1,1608.4200,170.3616,30,100,14,29080,17828,43992,893,909,80.7144,0,0,,
c105_21,sa,2,1678.1540,226.6493,30,100,14,36020,28876,61404,606,1263,48.3551,0,0,,
c105_21,sa_ext,0,1408.5440,60.3590,17,100,8,962,182,209,0,18,138.7244,0,0,0.0000,3.0000
c105_21,sa_ext,1,1396.3890,64.2298,17,100,8,733,130,209,0,15,80.7144,0,0,0.0000,3.0000
c105_21,sa_ext,2,1485.8680,60.6409,18,100,8,928,245,270,0,19,48.3551,0,0,0.0000,3.0000
c105_21,greedy,0,3391.4740,0.2445,40,100,21,0,0,0,0,0,0.0000,0,0,,
c105_21,greedy,1,3732.2880,0.3124,40,100,21,0,0,0,0,0,0.0000,0,0,,
c105_21,greedy,2,3281.0000,0.1510,40,100,21,0,0,0,0,0,0.0000,0,0,,
c105_21,ls,0,3046.2010,0.0510,30,100,14,0,0,0,0,0,0.0000,20,0,,
c105_21,ls,1,2764.4620,0.1358,30,100,14,0,0,0,0,0,0.0000,20,0,,
c105_21,ls,2,2433.1170,0.2525,30,100,14,0,0,0,0,0,0.0000,20,0,,
c204_21,sa,0,874.3410,241.0855,11,100,5,35355,62197,72348,1130,1699,100.6606,0,0,,
c204_21,sa,1,987.7160,116.5225,11,100,5,17196,34993,38911,1101,911,97.8631,0,0,,
c204_21,sa,2,986.0710,234.2003,11,100,5,36962,53045,69993,963,1600,100.3708,0,0,,
c204_21,sa_ext,0,901.0980,60.4211,8,100,3,1268,291,368,0,24,100.6606,0,0,0.0000,4.0000
c204_21,sa_ext,1,986.1280,60.7680,8,100,3,927,196,321,0,19,97.8631,0,0,0.0000,3.0000
c204_21,sa_ext,2,1021.1510,62.4776,9,100,3,1261,299,480,0,25,100.3708,0,0,0.0000,5.0000
c204_21,greedy,0,1957.2200,0.1687,15,100,5,0,0,0,0,0,0.0000,0,0,,
c204_21,greedy,1,2215.4630,0.3064,15,100,5,0,0,0,0,0,0.0000,0,0,,
c204_21,greedy,2,1962.3140,0.2287,15,100,5,0,0,0,0,0,0.0000,0,0,,
c204_21,ls,0,1849.7430,0.4416,11,100,5,0,0,0,0,0,0.0000,20,0,,
c204_21,ls,1,1729.6850,0.4345,11,100,5,0,0,0,0,0,0.0000,20,0,,
c204_21,ls,2,1611.3630,2.7692,11,100,5,0,0,0,0,0,0.0000,20,0,,
r102_21,sa,0,1897.7250,227.5701,36,100,29,36897,15712,50191,767,1028,54.0517,0,0,,
r102_21,sa,1,2109.5800,189.2020,36,100,29,33612,17536,48152,835,993,74.8220,0,0,,
r102_21,sa,2,2066.4720,195.3502,36,100,29,29427,18126,45647,894,932,68.1818,0,0,,
r102_21,sa_ext,0,2096.9910,60.1494,27,100,23,750,88,147,0,14,54.0517,0,0,0.0000,2.0000
r102_21,sa_ext,1,2046.6100,65.4948,26,100,25,436,50,139,0,10,74.8220,0,0,0.0000,2.0000
r102_21,sa_ext,2,1984.6740,62.3042,25,100,24,464,40,121,0,10,68.1818,0,0,0.0000,2.0000
r102_21,greedy,0,3274.0530,0.6009,44,100,28,0,0,0,0,0,0.0000,0,0,,
r102_21,greedy,1,3194.2010,0.6182,44,100,28,0,0,0,0,0,0.0000,0,0,,
r102_21,greedy,2,3289.7990,0.3699,44,100,28,0,0,0,0,0,0.0000,0,0,,
r102_21,ls,0,3051.8490,0.0525,36,100,29,0,0,0,0,0,0.0000,20,0,,
r102_21,ls,1,2914.8930,0.2006,36,100,29,0,0,0,0,0,0.0000,20,0,,
r102_21,ls,2,2786.2370,0.3440,36,100,29,0,0,0,0,0,0.0000,20,0,,
rc106_21,sa,0,2196.7420,200.1148,31,100,25,31788,17504,46708,872,960,73.3283,0,0,,
rc106_21,sa,1,2006.5130,266.0842,31,100,25,34437,27217,57846,1081,1195,102.2678,0,0,,
rc106_21,sa,2,2357.5520,146.4164,31,100,25,20754,15278,34268,1248,703,102.2854,0,0,,
rc106_21,sa_ext,0,2013.5090,66.7538,21,100,19,583,94,123,0,12,73.3283,0,0,0.0000,2.0000
rc106_21,sa_ext,1,2031.4680,65.8976,21,100,19,728,83,170,0,14,102.2678,0,0,0.0000,2.0000
rc106_21,sa_ext,2,1952.6170,65.3678,21,100,17,852,147,169,0,16,102.2854,0,0,0.0000,3.0000
rc106_21,greedy,0,4220.8820,0.5155,39,100,30,0,0,0,0,0,0.0000,0,0,,
rc106_21,greedy,1,4362.3510,0.8976,39,100,30,0,0,0,0,0,0.0000,0,0,,
rc106_21,greedy,2,3602.1070,0.2878,39,100,30,0,0,0,0,0,0.0000,0,0,,
rc106_21,ls,0,3439.4740,0.2101,31,100,25,0,0,0,0,0,0.0000,20,0,,
rc106_21,ls,1,3185.1980,0.3963,31,100,25,0,0,0,0,0,0.0000,20,0,,
rc106_21,ls,2,2937.1680,0.4301,31,100,25,0,0,0,0,0,0.0000,20,1,,
r107_21,sa,0,1655.4660,245.3471,28,100,23,33429,26130,54941,916,1145,53.2295,0,0,,
r107_21,sa,1,1667.6140,171.5155,28,100,23,26731,17549,40120,933,844,43.7821,0,0,,
r107_21,sa,2,1597.4710,223.7855,28,100,23,32690,22313,50897,1010,1059,58.8792,0,0,,
r107_21,sa_ext,0,1638.7790,61.4495,20,100,16,790,184,200,0,16,53.2295,0,0,0.0000,3.0000
r107_21,sa_ext,1,1447.6660,66.2291,18,100,14,1022,283,253,0,20,43.7821,0,0,0.0000,4.0000
r107_21,sa_ext,2,1628.7600,65.6343,20,100,16,765,102,211,0,15,58.8792,0,0,0.0000,3.0000
r107_21,greedy,0,3218.7390,0.5250,37,100,21,0,0,0,0,0,0.0000,0,0,,
r107_21,greedy,1,2817.2380,0.4366,37,100,21,0,0,0,0,0,0.0000,0,0,,
r107_21,greedy,2,2690.7890,0.3165,37,100,21,0,0,0,0,0,0.0000,0,0,,
r107_21,ls,0,2484.4360,0.1278,28,100,23,0,0,0,0,0,0.0000,20,0,,
r107_21,ls,1,2382.6990,0.4761,28,100,23,0,0,0,0,0,0.0000,20,0,,
r107_21,ls,2,2298.7630,0.4551,28,100,23,0,0,0,0,0,0.0000,20,0,,
c103_21,sa,0,1701.9770,230.8813,32,100,20,30708,31141,56851,1097,1187,82.6153,0,0,,
c103_21,sa,1,1582.9220,289.4254,32,100,20,37799,46392,77309,1330,1615,95.3789,0,0,,
c103_21,sa,2,1646.8560,177.7613,32,100,20,22080,24394,42726,1326,892,78.4730,0,0,,
c103_21,sa_ext,0,1345.4450,63.8375,16,100,9,1056,249,245,0,20,82.6153,0,0,0.0000,4.0000
c103_21,sa_ext,1,1343.1310,67.1534,15,100,9,1045,255,237,0,20,95.3789,0,0,0.0000,4.0000
c103_21,sa_ext,2,1353.0830,61.4233,16,100,8,1368,367,295,0,25,78.4730,0,0,0.0000,5.0000
c103_21,greedy,0,3027.8560,0.3552,37,100,19,0,0,0,0,0,0.0000,0,0,,
c103_21,greedy,1,3154.9150,0.4524,37,100,19,0,0,0,0,0,0.0000,0,0,,
c103_21,greedy,2,3073.0070,0.2179,37,100,19,0,0,0,0,0,0.0000,0,0,,
c103_21,ls,0,2966.2620,0.2563,32,100,20,0,0,0,0,0,0.0000,20,0,,
c103_21,ls,1,2891.0800,0.2257,32,100,20,0,0,0,0,0,0.0000,20,0,,
c103_21,ls,2,2737.0080,0.3925,32,100,20,0,0,0,0,0,0.0000,20,0,,
rc101_21,sa,0,2498.9170,325.2679,42,100,37,37968,25807,61125,845,1249,51.2484,0,0,,
rc101_21,sa,1,2589.5600,285.7636,42,100,37,34476,22651,54173,961,1113,94.7407,0,0,,
rc101_21,sa,2,2515.2910,260.1958,42,100,37,37370,21329,56201,869,1149,62.6496,0,0,,
rc101_21,sa_ext,0,2517.2740,63.1230,25,100,26,782,179,211,0,16,51.2484,0,0,0.0000,3.0000
rc101_21,sa_ext,1,2546.7170,63.1563,27,100,24,817,101,156,0,15,94.7407,0,0,0.0000,3.0000
rc101_21,sa_ext,2,2503.3250,61.9204,27,100,24,945,204,214,0,18,62.6496,0,0,0.0000,3.0000
rc101_21,greedy,0,5438.6370,0.4941,55,100,41,0,0,0,0,0,0.0000,0,0,,
rc101_21,greedy,1,5022.3900,0.7012,55,100,41,0,0,0,0,0,0.0000,0,0,,
rc101_21,greedy,2,4424.6790,0.2989,55,100,41,0,0,0,0,0,0.0000,0,0,,
rc101_21,ls,0,4264.2260,0.0485,42,100,37,0,0,0,0,0,0.0000,20,0,,
rc101_21,ls,1,3940.5240,0.1207,42,100,37,0,0,0,0,0,0.0000,20,0,,
rc101_21,ls,2,3654.4150,0.1197,42,100,37,0,0,0,0,0,0.0000,20,0,,
